{
"loss": [
7.303349018096924
],
"accuracy": [
0.3214285671710968
],
"top3_acc": [
0.9642857313156128
]
}