{
"loss": [
4.066842555999756,
1.7359892129898071,
3.059471607208252,
1.8392127752304077,
2.339632272720337,
1.7876423597335815,
1.6454825401306152
],
"accuracy": [
0.5321969985961914,
0.5909090638160706,
0.5454545617103577,
0.5625,
0.626893937587738,
0.5833333134651184,
0.6060606241226196
],
"top3_acc": [
0.47159090638160706,
0.26325756311416626,
0.3579545319080353,
0.35606059432029724,
0.28977271914482117,
0.12689393758773804,
0.10795454680919647
],
"val_loss": [
1.456810474395752,
1.2098922729492188,
1.9470134973526,
2.0975492000579834,
3.6781699657440186,
1.7593997716903687,
1.2863433361053467
],
"val_accuracy": [
0.6171875,
0.59375,
0.2265625,
0.65625,
0.609375,
0.4921875,
0.6171875
],
"val_top3_acc": [
0.6640625,
0.421875,
0.875,
0.3828125,
0.203125,
0.3359375,
0.0078125
]
}