{
"loss": [
8.899556159973145
],
"accuracy": [
0.1964285671710968
],
"top3_acc": [
0.7321428656578064
]
}